key,en,vi,
OK,OK,Thực thi,
Cancel,Cancel,Hủy bỏ,
VerticalPipeType,Vertical Pipe Type,Chọn Type ống đứng,
VerticalPipeDiameter,Vertical Pipe Diameter,Chọn đường kính ống đứng,
ElbowConnection,Elbow Connection,Kết nối Co 90,
VerticalPipe,Vertical Pipe,Ống đứng,
ConnectionType,Connection Type,Phương án kết nối,
Type1,Type 1,Phương án 1,
Type2,Type 2,Phương án 2,
Type3,Type 3,Phương án 3,
Type4,Type 4,Phương án 4,
PendentSprinklerConnectionDownProgress,Pendent Sprinkler Connection Progress,Quá trình kết nối đầu phun hướng xuống,
Complete,Complete,Hoàn thành,
PendentFlexibleSprinklerConnectionProgress,Flex Sprinkler Connection Progress,Quá trình kết nối đầu phun nối mềm,
Family,Family,Family Chính,
btnsprinklerUp,Upright Sprinkler,Đầu phun hướng lên,
btnsprinklerDown,Pendent Sprinkler,Đầu phun hướng xuống,
btnsprinklerFlex,Flex Sprinkler,Đầu phun nối mềm,
PendentSprinklerConnectionUpProgress,Upright Sprinkler Connection Progress,Quá trình kết nối đầu phun hướng lên,
Thực thi,OK,Thực thi,
Huỷ bỏ,Cancel,Huỷ bỏ,
Phương án 1,Connection Type 1,Phương án 1,
Phương án 2,Connection Type 2,Phương án 2,
Phương án 3,Connection Type 3,Phương án 3,
btnCloseProcessBar,Close,Kết thúc,
btnPlaceVerticalPipe,Vertical Pipe,Đặt ống đứng,
SystemType,System Type,Hệ thống ống,
BaseTopElevation,Base && Top Elevation,Định vị đáy và đỉnh,
PipeGroup,Pipe,Ống,
PipeType,Pipe Type,Loại ống,
Diameter,Diameter,Đường kính,
Level,Level,Level,
Offset,Offset,Offset,
Top,Top,Đỉnh ống,
Base,Base,Đáy ống,
